{"pc":["PC1","PC2","PC3","PC4","PC5","PC6","PC7","PC8","PC9","PC10","PC11","PC12","PC13","PC14","PC15","PC16","PC17","PC18","PC19","PC20","PC21","PC22","PC23","PC24","PC25","PC26","PC27","PC28","PC29","PC30","PC31","PC32","PC33","PC34","PC35","PC36","PC37","PC38","PC39","PC40","PC41","PC42","PC43","PC44","PC45","PC46","PC47","PC48","PC49","PC50"],"observed":[0.413968,0.153969,0.040603,0.031049,0.025599,0.021642,0.019096,0.013891,0.01225,0.009375,0.006834,0.005166,0.004502,0.004384,0.003932,0.003298,0.003149,0.002909,0.002728,0.002557,0.002408,0.002137,0.002051,0.001999,0.001873,0.001721,0.001624,0.001591,0.001552,0.001374,0.00129,0.001253,0.001219,0.001198,0.001138,0.001133,0.001099,0.00108,0.001042,0.001031,0.000976,0.000955,0.000925,0.000924,0.000911,0.000876,0.000854,0.000824,0.000818,0.000786],"null_mean":[0.00142325,0.00141888,0.00141503,0.00141171,0.00140876,0.00140598,0.00140348,0.00140086,0.00139849,0.00139626,0.00139412,0.00139196,0.00138989,0.0013877,0.00138571,0.00138351,0.00138144,0.00137957,0.00137762,0.00137574,0.00137387,0.00137203,0.00137025,0.00136844,0.00136658,0.00136465,0.00136298,0.00136116,0.0013591,0.0013574,0.00135557,0.00135372,0.00135182,0.00135,0.00134809,0.00134649,0.00134485,0.0013432,0.00134129,0.00133948,0.00133754,0.00133585,0.00133384,0.00133199,0.00133025,0.00132829,0.00132619,0.00132418,0.00132207,0.00132009],"null_std":[2.88e-06,2.5e-06,2.33e-06,1.87e-06,1.85e-06,1.64e-06,1.57e-06,1.52e-06,1.55e-06,1.54e-06,1.51e-06,1.6e-06,1.48e-06,1.55e-06,1.61e-06,1.37e-06,1.35e-06,1.22e-06,1.31e-06,1.32e-06,1.25e-06,1.29e-06,1.34e-06,1.48e-06,1.36e-06,1.36e-06,1.34e-06,1.4e-06,1.34e-06,1.42e-06,1.34e-06,1.4e-06,1.49e-06,1.48e-06,1.6e-06,1.4e-06,1.3e-06,1.38e-06,1.34e-06,1.35e-06,1.34e-06,1.44e-06,1.43e-06,1.4e-06,1.36e-06,1.48e-06,1.46e-06,1.45e-06,1.41e-06,1.43e-06],"z_score":[143417.3,60953.2,16849.0,15834.7,13046.7,12306.7,11247.6,8195.2,7017.2,5183.1,3595.1,2365.4,2097.1,1933.9,1577.6,1395.8,1305.8,1255.6,1031.1,894.4,827.8,591.5,507.7,427.3,372.3,261.5,195.2,163.9,144.0,11.7,-49.0,-72.3,-89.6,-102.4,-131.9,-151.8,-189.2,-191.2,-224.0,-228.1,-269.2,-264.3,-284.7,-290.5,-308.3,-304.6,-324.1,-345.6,-357.5,-373.0],"p_value":[0.0099,0.0099,0.0099,0.0099,0.0099,0.0099,0.0099,0.0099,0.0099,0.0099,0.0099,0.0099,0.0099,0.0099,0.0099,0.0099,0.0099,0.0099,0.0099,0.0099,0.0099,0.0099,0.0099,0.0099,0.0099,0.0099,0.0099,0.0099,0.0099,0.0099,1.0,1.0,1.0,1.0,1.0,1.0,1.0,1.0,1.0,1.0,1.0,1.0,1.0,1.0,1.0,1.0,1.0,1.0,1.0,1.0]}